<manifest><control namespace="DemoNamespace" constructor="CustomKanbanControl" version="0.0.184" display-name-key="CustomKanbanControl" description-key="CustomKanbanControl description" control-type="standard" api-version="1.2.1"><data-set name="sampleDataSet" display-name-key="Dataset_Display_Key" /><resources><code path="bundle.js" order="1" /><css path="css/CustomKanbanControl.css" order="1" /><img path="ico/progress.gif" /><img path="ico/edit.png" /><img path="ico/more.png" /><img path="ico/error.png" /></resources><feature-usage><uses-feature name="Utility" required="true" /><uses-feature name="WebAPI" required="true" /></feature-usage><built-by name="pac" version="1.1.6" /></control></manifest>